[
    {
        "Skill_Id": 1,
        "Skill_Name": "Angular"
    },
    {
        "Skill_Id": 2,
        "Skill_Name": "ReactJS"
    },
    {
        "Skill_Id": 3,
        "Skill_Name": ".Net Web API"
    },
    {
        "Skill_Id": 4,
        "Skill_Name": ".Net MVC"
    },
    {
        "Skill_Id": 5,
        "Skill_Name": "SQL Server"
    },
    {
        "Skill_Id": 6,
        "Skill_Name": "Docker"
    },
    {
        "Skill_Id": 7,
        "Skill_Name": "Djang"
    },
    {
        "Skill_Id": 8,
        "Skill_Name": "Python"
    },
    {
        "Skill_Id": 1002,
        "Skill_Name": "Aurelia"
    },
    {
        "Skill_Id": 1003,
        "Skill_Name": "Vue.Js"
    }
]